{
  "display": {
    "icon": {
      "item": "k7a2:super_k_7_a_2_ingot"
    },
    "title": {
      "translate": "advancements.beautiful.title"
    },
    "description": {
      "translate": "advancements.beautiful.descr"
    },
    "frame": "goal",
    "show_toast": true,
    "announce_to_chat": true,
    "hidden": false
  },
  "criteria": {
    "beautiful": {
      "trigger": "minecraft:inventory_changed",
      "conditions": {
        "items": [
          {
            "item": "k7a2:super_k_7_a_2_ingot",
            "count": {
              "min": 1,
              "max": 1
            }
          }
        ]
      }
    }
  },
  "rewards": {
    "experience": 200
  },
  "parent": "k7a2:welcometo_k_7_a_2"
}