{
  "display": {
    "icon": {
      "item": "k7a2:blockof_k_7_a_2"
    },
    "title": {
      "translate": "advancements.block_of_k_7_a_2placed.title"
    },
    "description": {
      "translate": "advancements.block_of_k_7_a_2placed.descr"
    },
    "frame": "goal",
    "show_toast": true,
    "announce_to_chat": true,
    "hidden": false
  },
  "criteria": {
    "block_of_k_7_a_2placed": {
      "trigger": "minecraft:placed_block",
      "conditions": {
        "item": {
          "item": "k7a2:blockof_k_7_a_2"
        }
      }
    }
  },
  "rewards": {
    "experience": 150
  },
  "parent": "k7a2:welcometo_k_7_a_2"
}