{
  "display": {
    "icon": {
      "item": "k7a2:k_7_a_2_armor_chestplate"
    },
    "title": {
      "translate": "advancements.cover_me_in_k_7_a_2.title"
    },
    "description": {
      "translate": "advancements.cover_me_in_k_7_a_2.descr"
    },
    "frame": "challenge",
    "show_toast": true,
    "announce_to_chat": true,
    "hidden": false
  },
  "criteria": {
    "cover_me_in_k_7_a_2": {
      "trigger": "minecraft:inventory_changed",
      "conditions": {
        "items": [
          {
            "item": "k7a2:k_7_a_2_armor_chestplate",
            "count": {
              "min": 1,
              "max": 1
            }
          }
        ]
      }
    }
  },
  "rewards": {
    "experience": 1000
  },
  "parent": "k7a2:beautiful"
}