{
  "display": {
    "icon": {
      "item": "k7a2:k_7_a_2_enchanted_apple"
    },
    "title": {
      "translate": "advancements.pink_enchanted_apple.title"
    },
    "description": {
      "translate": "advancements.pink_enchanted_apple.descr"
    },
    "frame": "challenge",
    "show_toast": true,
    "announce_to_chat": true,
    "hidden": false
  },
  "criteria": {
    "pink_enchanted_apple": {
      "trigger": "minecraft:inventory_changed",
      "conditions": {
        "items": [
          {
            "item": "k7a2:k_7_a_2_enchanted_apple",
            "count": {
              "min": 1,
              "max": 1
            }
          }
        ]
      }
    }
  },
  "rewards": {
    "experience": 5000
  },
  "parent": "k7a2:pink_apple"
}