{
  "display": {
    "icon": {
      "item": "k7a2:k_7_a_2ingot"
    },
    "title": {
      "translate": "advancements.welcometo_k_7_a_2.title"
    },
    "description": {
      "translate": "advancements.welcometo_k_7_a_2.descr"
    },
    "frame": "task",
    "show_toast": true,
    "announce_to_chat": true,
    "hidden": false
  },
  "criteria": {
    "welcometo_k_7_a_2": {
      "trigger": "minecraft:inventory_changed",
      "conditions": {
        "items": [
          {
            "item": "k7a2:k_7_a_2ingot",
            "count": {
              "min": 1,
              "max": 1
            }
          }
        ]
      }
    }
  },
  "rewards": {
    "experience": 100
  },
  "parent": "minecraft:adventure/root"
}