{
  "group": "k7a2",
  "type": "minecraft:crafting_shaped",
  "pattern": [
    "012",
    "345",
    " 7 "
  ],
  "key": {
    "0": {
      "item": "k7a2:super_k_7_a_2_ingot"
    },
    "1": {
      "item": "k7a2:super_k_7_a_2_ingot"
    },
    "2": {
      "item": "k7a2:super_k_7_a_2_ingot"
    },
    "3": {
      "item": "k7a2:super_k_7_a_2_ingot"
    },
    "4": {
      "item": "k7a2:k_7_a_2_stick"
    },
    "5": {
      "item": "k7a2:super_k_7_a_2_ingot"
    },
    "7": {
      "item": "k7a2:k_7_a_2_stick"
    }
  },
  "result": {
    "item": "k7a2:battle_golden_axe",
    "count": 1
  }
}