{
  "group": "k7a2",
  "type": "minecraft:crafting_shaped",
  "pattern": [
    " 12",
    "3 5",
    " 78"
  ],
  "key": {
    "1": {
      "item": "k7a2:k_7_a_2_stick"
    },
    "2": {
      "item": "k7a2:k_7_a_2ingot"
    },
    "3": {
      "item": "k7a2:k_7_a_2_stick"
    },
    "5": {
      "item": "k7a2:k_7_a_2ingot"
    },
    "7": {
      "item": "k7a2:k_7_a_2_stick"
    },
    "8": {
      "item": "k7a2:k_7_a_2ingot"
    }
  },
  "result": {
    "item": "k7a2:op_bow",
    "count": 1
  }
}