{
  "group": "k7a2",
  "type": "minecraft:crafting_shaped",
  "pattern": [
    "012",
    "3 5",
    "6 8"
  ],
  "key": {
    "0": {
      "item": "k7a2:super_k_7_a_2_ingot"
    },
    "1": {
      "item": "k7a2:super_k_7_a_2_ingot"
    },
    "2": {
      "item": "k7a2:super_k_7_a_2_ingot"
    },
    "3": {
      "item": "k7a2:super_k_7_a_2_ingot"
    },
    "5": {
      "item": "k7a2:super_k_7_a_2_ingot"
    },
    "6": {
      "item": "k7a2:super_k_7_a_2_ingot"
    },
    "8": {
      "item": "k7a2:super_k_7_a_2_ingot"
    }
  },
  "result": {
    "item": "k7a2:k_7_a_2_armor_leggings",
    "count": 1
  }
}