{
  "group": "k7a2",
  "type": "minecraft:crafting_shaped",
  "pattern": [
    "012",
    "345",
    "678"
  ],
  "key": {
    "0": {
      "item": "k7a2:k_7_a_2ingot"
    },
    "1": {
      "item": "k7a2:k_7_a_2ingot"
    },
    "2": {
      "item": "k7a2:k_7_a_2ingot"
    },
    "3": {
      "tag": "minecraft:coals"
    },
    "4": {
      "item": "k7a2:k_7_a_2_apple"
    },
    "5": {
      "tag": "minecraft:coals"
    },
    "6": {
      "tag": "minecraft:coals"
    },
    "7": {
      "tag": "minecraft:coals"
    },
    "8": {
      "tag": "minecraft:coals"
    }
  },
  "result": {
    "item": "k7a2:raw_k_7_a_2_enchanted_apple",
    "count": 1
  }
}