{
  "parent": "item/generated",
  "textures": {
    "layer0": "k7a2:items/jnpehy29o-5ghtyjxutbfaxcmxnomq4w0di1v0yxogqmz2vv0efazajbhki6audl5wkvm2mabqmamgbp9diivlqrw-h400"
  },
  "display": {
    "thirdperson_righthand": {
      "rotation": [
        -80,
        260,
        -40
      ],
      "translation": [
        -1,
        -2,
        2.5
      ],
      "scale": [
        1,
        1,
        1
      ]
    },
    "thirdperson_lefthand": {
      "rotation": [
        -80,
        -280,
        40
      ],
      "translation": [
        -1,
        -2,
        2.5
      ],
      "scale": [
        1,
        1,
        1
      ]
    }
  }
}