{
  "_fv": 11,
  "_type": "recipe",
  "definition": {
    "recipeType": "Crafting",
    "xpReward": 0.0,
    "cookingTime": 200,
    "recipeRetstackSize": 1,
    "group": "",
    "recipeShapeless": false,
    "recipeSlots": [
      {
        "value": "CUSTOM:SuperK7A2Ingot"
      },
      {
        "value": "CUSTOM:SuperK7A2Ingot"
      },
      {
        "value": "CUSTOM:SuperK7A2Ingot"
      },
      {
        "value": "CUSTOM:SuperK7A2Ingot"
      },
      {
        "value": "CUSTOM:K7A2Stick"
      },
      {
        "value": "CUSTOM:SuperK7A2Ingot"
      },
      {
        "value": ""
      },
      {
        "value": "CUSTOM:K7A2Stick"
      },
      {
        "value": ""
      }
    ],
    "recipeReturnStack": {
      "value": "CUSTOM:BattleGoldenAxe"
    },
    "name": "battle_gold_axe",
    "namespace": "mod"
  }
}