{
  "_fv": 11,
  "_type": "tool",
  "definition": {
    "renderType": 0,
    "texture": "diamond_axe",
    "customModelName": "Normal",
    "name": "Battle Golden Axe",
    "specialInfo": [],
    "creativeTab": {
      "value": "CUSTOM:K7A2"
    },
    "toolType": "Axe",
    "harvestLevel": 3,
    "efficiency": 12.0,
    "attackSpeed": 1.25,
    "enchantability": 25,
    "damageVsEntity": 22.5,
    "usageCount": 5500,
    "blocksAffected": [],
    "hasGlow": true,
    "repairItems": [
      {
        "value": "CUSTOM:SuperK7A2Ingot"
      }
    ],
    "stayInGridWhenCrafting": false,
    "damageOnCrafting": false
  }
}