{
  "_fv": 11,
  "_type": "achievement",
  "definition": {
    "achievementName": "Beautiful!",
    "achievementDescription": "Equip a Super K7A2 Ingot",
    "achievementIcon": {
      "value": "CUSTOM:SuperK7A2Ingot"
    },
    "background": "Default",
    "disableDisplay": false,
    "showPopup": true,
    "announceToChat": true,
    "hideIfNotCompleted": false,
    "rewardLoot": [],
    "rewardRecipes": [],
    "rewardFunction": "No function",
    "rewardXP": 200,
    "achievementType": "goal",
    "parent": {
      "value": "CUSTOM:WelcometoK7A2"
    },
    "triggerxml": "<xml xmlns=\"https://developers.google.com/blockly/xml\"><block type=\"item_in_inventory\" x=\"39\" y=\"22\"><value name=\"amount_l\"><block type=\"math_number\"><field name=\"NUM\">1</field></block></value><value name=\"amount_h\"><block type=\"math_number\"><field name=\"NUM\">1</field></block></value><value name=\"item\"><block type=\"mcitem_all\"><field name=\"value\">CUSTOM:SuperK7A2Ingot</field></block></value><next><block type=\"advancement_trigger\" deletable=\"false\"/></next></block></xml>"
  }
}