{
  "_fv": 11,
  "_type": "achievement",
  "definition": {
    "achievementName": "Block Of K7A2 placed",
    "achievementDescription": "What a nice block to build structure...",
    "achievementIcon": {
      "value": "CUSTOM:BlockofK7A2"
    },
    "background": "Default",
    "disableDisplay": false,
    "showPopup": true,
    "announceToChat": true,
    "hideIfNotCompleted": false,
    "rewardLoot": [],
    "rewardRecipes": [],
    "rewardFunction": "No function",
    "rewardXP": 150,
    "achievementType": "goal",
    "parent": {
      "value": "CUSTOM:WelcometoK7A2"
    },
    "triggerxml": "<xml xmlns=\"https://developers.google.com/blockly/xml\"><block type=\"block_placed\" x=\"52\" y=\"27\"><value name=\"block\"><block type=\"mcitem_allblocks\"><field name=\"value\">CUSTOM:BlockofK7A2</field></block></value><next><block type=\"advancement_trigger\" deletable=\"false\"/></next></block></xml>"
  }
}