{
  "_fv": 11,
  "_type": "block",
  "definition": {
    "texture": "269994090_111943801353496_8322449346793998972_n",
    "textureTop": "269994090_111943801353496_8322449346793998972_n",
    "textureLeft": "269994090_111943801353496_8322449346793998972_n",
    "textureFront": "269994090_111943801353496_8322449346793998972_n",
    "textureRight": "269994090_111943801353496_8322449346793998972_n",
    "textureBack": "269994090_111943801353496_8322449346793998972_n",
    "renderType": 10,
    "customModelName": "Normal",
    "rotationMode": 0,
    "emissiveRendering": true,
    "itemTexture": "",
    "hasTransparency": false,
    "connectedSides": false,
    "transparencyType": "SOLID",
    "mx": 0.0,
    "my": 0.0,
    "mz": 0.0,
    "Mx": 1.0,
    "My": 1.0,
    "Mz": 1.0,
    "name": "Block of K7A2",
    "specialInfo": [
      "This block can be used to craft armors and tools"
    ],
    "hardness": 7.0,
    "resistance": 16.0,
    "hasGravity": false,
    "creativeTab": {
      "value": "CUSTOM:K7A2"
    },
    "destroyTool": "pickaxe",
    "customDrop": {
      "value": ""
    },
    "dropAmount": 1,
    "useLootTableForDrops": false,
    "isBeaconBase": true,
    "enchantPowerBonus": 0.0,
    "plantsGrowOn": false,
    "canProvidePower": false,
    "lightOpacity": 0,
    "material": {
      "value": "IRON"
    },
    "tickRate": 10,
    "tickRandomly": false,
    "isReplaceable": false,
    "colorOnMap": "BLACK",
    "creativePickItem": {
      "value": ""
    },
    "offsetType": "NONE",
    "aiPathNodeType": "DEFAULT",
    "flammability": 0,
    "fireSpreadSpeed": 0,
    "isLadder": false,
    "slipperiness": 0.6,
    "reactionToPushing": "NORMAL",
    "isNotColidable": false,
    "soundOnStep": {
      "value": "METAL"
    },
    "luminance": 0.0,
    "unbreakable": false,
    "breakHarvestLevel": 2,
    "spawnParticles": false,
    "particleToSpawn": {
      "value": "EXPLOSION_NORMAL"
    },
    "particleSpawningShape": "Spread",
    "particleSpawningRadious": 0.5,
    "particleAmount": 4,
    "hasInventory": false,
    "guiBoundTo": "<NONE>",
    "openGUIOnRightClick": false,
    "inventorySize": 9,
    "inventoryStackSize": 64,
    "inventoryDropWhenDestroyed": true,
    "inventoryComparatorPower": true,
    "inventoryOutSlotIDs": [],
    "inventoryInSlotIDs": [],
    "hasEnergyStorage": false,
    "energyInitial": 0,
    "energyCapacity": 400000,
    "energyMaxReceive": 200,
    "energyMaxExtract": 200,
    "isFluidTank": false,
    "fluidCapacity": 8000,
    "fluidRestrictions": [],
    "spawnWorldTypes": [],
    "restrictionBiomes": [],
    "blocksToReplace": [
      {
        "value": "Blocks.STONE#0"
      }
    ],
    "frequencyPerChunks": 1,
    "frequencyOnChunk": 3,
    "minGenerateHeight": 0,
    "maxGenerateHeight": 7
  }
}