{
  "_fv": 11,
  "_type": "achievement",
  "definition": {
    "achievementName": "Cover Me In K7A2",
    "achievementDescription": "All of your body is covered in ours.... You need to wear our chestplate in order to get this advancement",
    "achievementIcon": {
      "value": "CUSTOM:K7A2Armor.body"
    },
    "background": "Default",
    "disableDisplay": false,
    "showPopup": true,
    "announceToChat": true,
    "hideIfNotCompleted": false,
    "rewardLoot": [],
    "rewardRecipes": [],
    "rewardFunction": "No function",
    "rewardXP": 1000,
    "achievementType": "challenge",
    "parent": {
      "value": "CUSTOM:Beautiful"
    },
    "triggerxml": "<xml xmlns=\"https://developers.google.com/blockly/xml\"><block type=\"item_in_inventory\" x=\"79\" y=\"66\"><value name=\"amount_l\"><block type=\"math_number\"><field name=\"NUM\">1</field></block></value><value name=\"amount_h\"><block type=\"math_number\"><field name=\"NUM\">1</field></block></value><value name=\"item\"><block type=\"mcitem_all\"><field name=\"value\">CUSTOM:K7A2Armor.body</field></block></value><next><block type=\"advancement_trigger\" deletable=\"false\"/></next></block></xml>"
  }
}