{
  "_fv": 11,
  "_type": "tool",
  "definition": {
    "renderType": 0,
    "texture": "16178925-scythe_l-removebg-preview",
    "customModelName": "Normal",
    "name": "Death Note",
    "specialInfo": [],
    "creativeTab": {
      "value": "MISC"
    },
    "toolType": "Sword",
    "harvestLevel": 1,
    "efficiency": 0.0,
    "attackSpeed": 100.0,
    "enchantability": 0,
    "damageVsEntity": 2.5,
    "usageCount": 99999,
    "blocksAffected": [],
    "hasGlow": true,
    "repairItems": [],
    "stayInGridWhenCrafting": false,
    "damageOnCrafting": false,
    "onEntityHitWith": {
      "name": "DeathNoteLivingEntityIsHitWithTool"
    }
  }
}