{
  "_fv": 11,
  "_type": "food",
  "definition": {
    "renderType": 0,
    "texture": "golden_apple_old",
    "customModelName": "Normal",
    "name": "K7A2 Enchanted Apple",
    "specialInfo": [
      "More?"
    ],
    "creativeTab": {
      "value": "CUSTOM:K7A2"
    },
    "stackSize": 64,
    "nutritionalValue": 20,
    "saturation": 1.5,
    "eatingSpeed": 10,
    "forDogs": false,
    "isAlwaysEdible": true,
    "animation": "eat",
    "hasGlow": true,
    "onEaten": {
      "name": "K7A2EnchantedAppleFoodEaten"
    }
  }
}