{
  "_fv": 11,
  "_type": "item",
  "definition": {
    "renderType": 0,
    "texture": "269994090_111943801353496_8322449346793998972_n",
    "customModelName": "Normal",
    "name": "K7A2 Ingot",
    "creativeTab": {
      "value": "CUSTOM:K7A2"
    },
    "stackSize": 64,
    "enchantability": 0,
    "useDuration": 0,
    "toolType": 1.0,
    "damageCount": 0,
    "destroyAnyBlock": false,
    "stayInGridWhenCrafting": false,
    "damageOnCrafting": false,
    "enableMeleeDamage": false,
    "damageVsEntity": 0.0,
    "specialInfo": [
      "The most OP ingot to craft things"
    ],
    "hasGlow": true,
    "guiBoundTo": "<NONE>",
    "inventorySize": 9,
    "inventoryStackSize": 64
  }
}