{
  "_fv": 11,
  "_type": "food",
  "definition": {
    "renderType": 0,
    "texture": "golden_apple",
    "customModelName": "Normal",
    "name": "K7A2 Apple",
    "specialInfo": [
      "OP....."
    ],
    "creativeTab": {
      "value": "CUSTOM:K7A2"
    },
    "stackSize": 32,
    "nutritionalValue": 4,
    "saturation": 0.5,
    "eatingSpeed": 15,
    "forDogs": true,
    "isAlwaysEdible": true,
    "animation": "eat",
    "hasGlow": false,
    "onEaten": {
      "name": "K7A2AppleFoodEaten"
    }
  }
}