{
  "_fv": 11,
  "_type": "tool",
  "definition": {
    "renderType": 0,
    "texture": "shears",
    "customModelName": "Normal",
    "name": "K7A2 Shears",
    "specialInfo": [],
    "creativeTab": {
      "value": "CUSTOM:K7A2"
    },
    "toolType": "Shears",
    "harvestLevel": 7,
    "efficiency": 50.0,
    "attackSpeed": 1.0,
    "enchantability": 25,
    "damageVsEntity": 4.0,
    "usageCount": 100000,
    "blocksAffected": [],
    "hasGlow": false,
    "repairItems": [
      {
        "value": "CUSTOM:K7A2ingot"
      }
    ],
    "stayInGridWhenCrafting": false,
    "damageOnCrafting": false
  }
}