{
  "_fv": 11,
  "_type": "recipe",
  "definition": {
    "recipeType": "Crafting",
    "xpReward": 0.0,
    "cookingTime": 200,
    "recipeRetstackSize": 1,
    "group": "",
    "recipeShapeless": false,
    "recipeSlots": [
      {
        "value": "CUSTOM:K7A2Nugget"
      },
      {
        "value": "CUSTOM:K7A2Nugget"
      },
      {
        "value": "CUSTOM:K7A2Nugget"
      },
      {
        "value": "CUSTOM:K7A2Nugget"
      },
      {
        "value": "Items.CARROT"
      },
      {
        "value": "CUSTOM:K7A2Nugget"
      },
      {
        "value": "CUSTOM:K7A2Nugget"
      },
      {
        "value": "CUSTOM:K7A2Nugget"
      },
      {
        "value": "CUSTOM:K7A2Nugget"
      }
    ],
    "recipeReturnStack": {
      "value": "CUSTOM:K7A2Carrot"
    },
    "name": "k_7_a_2_carr",
    "namespace": "mod"
  }
}