{
  "_fv": 11,
  "_type": "armor",
  "definition": {
    "enableHelmet": true,
    "textureHelmet": "netherite_helmet",
    "enableBody": true,
    "textureBody": "new_netherite_chestplate",
    "enableLeggings": true,
    "textureLeggings": "netherite_leggings",
    "enableBoots": true,
    "textureBoots": "new_netherite_boots",
    "creativeTab": {
      "value": "CUSTOM:K7A2"
    },
    "armorTextureFile": "k7a2_armor",
    "helmetName": "K7A2 Armor Helmet",
    "bodyName": "K7A2 Armor Body",
    "leggingsName": "K7A2 Armor Leggings",
    "bootsName": "K7A2 Armor Boots",
    "helmetSpecialInfo": [],
    "bodySpecialInfo": [],
    "leggingsSpecialInfo": [],
    "bootsSpecialInfo": [],
    "helmetModelName": "Default",
    "helmetModelPart": "Helmet",
    "helmetModelTexture": "From armor",
    "bodyModelName": "Default",
    "bodyModelPart": "Body",
    "armsModelPartL": "Arms L",
    "armsModelPartR": "Arms R",
    "bodyModelTexture": "From armor",
    "leggingsModelName": "Default",
    "leggingsModelPartL": "Leggings L",
    "leggingsModelPartR": "Leggings R",
    "leggingsModelTexture": "From armor",
    "bootsModelName": "Default",
    "bootsModelPartL": "Boots L",
    "bootsModelPartR": "Boots R",
    "bootsModelTexture": "From armor",
    "maxDamage": 500,
    "damageValueHelmet": 50,
    "damageValueBody": 50,
    "damageValueLeggings": 50,
    "damageValueBoots": 50,
    "enchantability": 25,
    "toughness": 0.0,
    "equipSound": {
      "value": "block.anvil.use"
    },
    "repairItems": [
      {
        "value": "CUSTOM:SuperK7A2Ingot"
      }
    ]
  }
}