{
  "_fv": 11,
  "_type": "tool",
  "definition": {
    "renderType": 0,
    "texture": "netherite_sword",
    "customModelName": "Normal",
    "name": "K7A2 Sword",
    "specialInfo": [],
    "creativeTab": {
      "value": "CUSTOM:K7A2"
    },
    "toolType": "Sword",
    "harvestLevel": 7,
    "efficiency": 100.0,
    "attackSpeed": 1.75,
    "enchantability": 25,
    "damageVsEntity": 10.5,
    "usageCount": 10000,
    "blocksAffected": [],
    "hasGlow": false,
    "repairItems": [
      {
        "value": "CUSTOM:SuperK7A2Ingot"
      }
    ],
    "stayInGridWhenCrafting": false,
    "damageOnCrafting": false
  }
}