{
  "_fv": 11,
  "_type": "achievement",
  "definition": {
    "achievementName": "K7A2 Apple",
    "achievementDescription": "Wow, a pink Apple. What will it do?",
    "achievementIcon": {
      "value": "CUSTOM:K7A2Apple"
    },
    "background": "Default",
    "disableDisplay": false,
    "showPopup": true,
    "announceToChat": true,
    "hideIfNotCompleted": false,
    "rewardLoot": [],
    "rewardRecipes": [],
    "rewardFunction": "No function",
    "rewardXP": 250,
    "achievementType": "goal",
    "parent": {
      "value": "CUSTOM:WelcometoK7A2"
    },
    "triggerxml": "<xml xmlns=\"https://developers.google.com/blockly/xml\"><block type=\"item_in_inventory\" x=\"41\" y=\"17\"><value name=\"amount_l\"><block type=\"math_number\"><field name=\"NUM\">1</field></block></value><value name=\"amount_h\"><block type=\"math_number\"><field name=\"NUM\">1</field></block></value><value name=\"item\"><block type=\"mcitem_all\"><field name=\"value\">CUSTOM:K7A2Apple</field></block></value><next><block type=\"advancement_trigger\" deletable=\"false\"/></next></block></xml>"
  }
}