{
  "_fv": 11,
  "_type": "achievement",
  "definition": {
    "achievementName": "K7A2 Enchanted Apple",
    "achievementDescription": "What a super beautiful one, it looks like Super K7A2 Ingot. Wait, this thing isn't made from that",
    "achievementIcon": {
      "value": "CUSTOM:K7A2EnchantedApple"
    },
    "background": "Default",
    "disableDisplay": false,
    "showPopup": true,
    "announceToChat": true,
    "hideIfNotCompleted": false,
    "rewardLoot": [],
    "rewardRecipes": [],
    "rewardFunction": "No function",
    "rewardXP": 5000,
    "achievementType": "challenge",
    "parent": {
      "value": "CUSTOM:PinkApple"
    },
    "triggerxml": "<xml xmlns=\"https://developers.google.com/blockly/xml\"><block type=\"item_in_inventory\" x=\"41\" y=\"22\"><value name=\"amount_l\"><block type=\"math_number\"><field name=\"NUM\">1</field></block></value><value name=\"amount_h\"><block type=\"math_number\"><field name=\"NUM\">1</field></block></value><value name=\"item\"><block type=\"mcitem_all\"><field name=\"value\">CUSTOM:K7A2EnchantedApple</field></block></value><next><block type=\"advancement_trigger\" deletable=\"false\"/></next></block></xml>"
  }
}