{
  "_fv": 11,
  "_type": "potion",
  "definition": {
    "name": "Potion Of K7A2 Damage",
    "effectName": "Emotional Damage",
    "icon": "removal.ai_3cd549b2-8d8d-4305-821c-649f7ecfa191-st-large-507x507-pad-600x600-f8f8f8.png",
    "color": {
      "value": -1103195,
      "falpha": 0.0
    },
    "isInstant": false,
    "isBad": true,
    "isBenefitical": false,
    "registerPotionType": true,
    "renderStatusInInventory": true,
    "renderStatusInHUD": true,
    "onStarted": {
      "name": "PotionOfK7A2DamPotionStartedapplied"
    }
  }
}