{
  "flashmobcbh": {
    "category": "music",
    "sounds": [
      {
        "name": "k7a2:hanhkhuccbh",
        "stream": true
      }
    ]
  },
  "florentino": {
    "category": "music",
    "sounds": [
      {
        "name": "k7a2:yt1s.com-beat-doan-tuyet-nang-di-ver2-remix-nhac-nen-florentino-tesla-khong-loi-hot-tiktok-2022",
        "stream": true
      }
    ]
  },
  "magaming": {
    "category": "music",
    "sounds": [
      {
        "name": "k7a2:yt1s.com-ma-gaming-rap-autotune",
        "stream": true
      }
    ]
  },
  "thienlyoi": {
    "category": "music",
    "sounds": [
      {
        "name": "k7a2:thien_ly_oi",
        "stream": true
      }
    ]
  },
  "ifiamwithyou": {
    "category": "music",
    "sounds": [
      {
        "name": "k7a2:iff-i-am-with-you-jujutsu-kaisen-ost",
        "stream": true
      }
    ]
  }
}